Manufacturer,Graft Name,ASP,Q Code by Quarter
Biolab,Membrane Wrap,"$1,237.28",Q4205-Q4
Biolab,Membrane Hydro,"$1,867.01",Q4290-Q4
Biolab,Membrane Tri Layer,"$3,574.39",Q4344-Q4
Dermabind,Dermabind,"$3,312.52",Q4313-Q4
Revogen,Revoshield,"$1,523.05",Q4289-Q4
Revogen,Vitograft,"$4,770.00",Q4317-Q4
Evolution,Esano,"$2,707.30",Q4275-Q4
Evolution,Simplimax,"$3,524.11",Q4341-Q4
AmchoPlast,AmchoPlast,"$4,227.97",Q4316-Q4
Encoll,Helicoll,"$1,640.93",Q4164-Q4
Arsenal,Aminoamp,"$2,979.56",Q4250-Q4